date,title,doi,url
14-Sep-2026,治験中の免疫療法、進行扁平上皮NSCLCでドセタキセルと比べ全生存期間をほぼ2倍に,なし,https://www.eurekalert.org/news-releases/1142852?language=japanese
14-Sep-2026,クラスII・III BRAF異常NSCLCで異なる転帰とゲノム特性を確認,なし,https://www.eurekalert.org/news-releases/1142850?language=japanese
14-Sep-2026,HARMONi-2最新解析、PD-L1陽性進行NSCLCでIvonescimabがPembrolizumabより全生存期間を有意に改善,なし,https://www.eurekalert.org/news-releases/1142920?language=japanese
16-Sep-2026,謎の「小さく赤い点」の正体に迫る―ガスに包まれたブラックホールの急成長を再現―,なし,https://www.eurekalert.org/news-releases/1144344?language=japanese
17-Sep-2026,ヒオデオキシコール酸（HDCA）が脂肪肝を抑制,なし,https://www.eurekalert.org/news-releases/1144014?language=japanese
17-Sep-2026,植物特有の低分子量GTPaseが連携する仕組みを発見,なし,https://www.eurekalert.org/news-releases/1144359?language=japanese
17-Sep-2026,万塔山（マンタプサン）での核実験は、断層の再活性化を介して遅延性地震活動を誘発した,なし,https://www.eurekalert.org/news-releases/1143744?language=japanese
17-Sep-2026,遺伝する稀な遺伝子変異が非喫煙者における肺がんリスクを高める,なし,https://www.eurekalert.org/news-releases/1143743?language=japanese
18-Sep-2026,プラスチックと融合したサンゴ片を確認　サンゴ礁生態系への新たな懸念,なし,https://www.eurekalert.org/news-releases/1144522?language=japanese
25-Sep-2026,瞳孔は「何を見たか」だけでなく「どう評価したか」にも反応する,なし,https://www.eurekalert.org/news-releases/1145327?language=japanese
27-Sep-2026,EurekAlert! 日本語,10.1167/jov.26.9.1,https://www.eurekalert.org/news-releases/1145327?language=japanese
